offer_id,skill_name,skill_level,skill_level_name
0,AI,4,Advanced
0,Docker,4,Advanced
0,Python,4,Advanced
0,Google Cloud Platform,2,Junior
0,Redis,1,Nice To Have
0,C++,1,Nice To Have
0,TypeScript,1,Nice To Have
0,Unreal Engine,1,Nice To Have
0,SQL,1,Nice To Have
1,PHP,3,Regular
2,Polish,Nan,C1
2,English,Nan,C1
2,AI,3,Regular
3,Machine Learning,4,Advanced
3,Team Management,4,Advanced
3,Project Management,4,Advanced
3,Python,4,Advanced
3,Generative AI,4,Advanced
3,Data Science,4,Advanced
3,Big Data,4,Advanced
4,English,Nan,B2
4,GenAI,5,Master
4,AI,5,Master
4,AppDev,5,Master
4,Python,5,Master
4,ML OPS,4,Advanced
4,OpenAI API,4,Advanced
4,Langchain,4,Advanced
5,AI,4,Advanced
5,AI Governance,4,Advanced
5,EU regulatory frameworks,4,Advanced
5,"AI ethics,",4,Advanced
5,"GDPR,",4,Advanced
6,Polish,Nan,C2
6,English,Nan,B2
6,Python,5,Master
6,Docker,4,Advanced
6,Kubernetes,4,Advanced
6,Helm,4,Advanced
6,Terraform,4,Advanced
7,English,Nan,C1
7,Cloud,5,Master
7,Databricks,5,Master
7,Python,5,Master
7,PySpark,3,Regular
7,Spark,3,Regular
8,Polish,Nan,C1
8,English,Nan,C1
8,Python,4,Advanced
8,React.JS,4,Advanced
8,GenAI models,4,Advanced
8,LLMs,4,Advanced
8,API,3,Regular
8,Docker,3,Regular
8,Kubernetes,3,Regular
8,CI/CD,3,Regular
8,Cloud Platforms,2,Junior
9,English,4,Advanced
9,AI,4,Advanced
9,Python,3,Regular
9,fastapi,3,Regular
9,Langchain,3,Regular
9,Langgraph,3,Regular
9,CrewAI,3,Regular
9,Azure,3,Regular
9,Pandas,3,Regular
9,.Net,3,Regular
10,Computer science,4,Advanced
10,Machine Learning,4,Advanced
10,Python,4,Advanced
11,AI,1,Nice To Have
12,English,Nan,B2
12,Cloud,3,Regular
12,Django,3,Regular
12,Flask,3,Regular
12,SQL,3,Regular
12,Python,3,Regular
13,English,Nan,B2
13,GenAI,4,Advanced
13,Azure,4,Advanced
13,Python,4,Advanced
13,MLOps,4,Advanced
13,Databricks,4,Advanced
14,AI,4,Advanced
14,PostgreSQL,3,Regular
14,RabbitMQ,3,Regular
14,TensorFlow,3,Regular
14,REST API,3,Regular
14,MySQL,3,Regular
14,MongoDB,3,Regular
14,DevOps,1,Nice To Have
14,PHP,1,Nice To Have
14,JavaScript,1,Nice To Have
15,Go-to-market,5,Master
15,English,5,Master
15,SEO,4,Advanced
15,CMS,4,Advanced
16,English,Nan,C1
16,AI,3,Regular
17,Polish,Nan,C2
17,English,Nan,C1
17,AI,5,Master
18,English,Nan,B2
18,Python,4,Advanced
18,Microsoft Azure Cloud,4,Advanced
19,Polish,Nan,C2
19,English,Nan,B2
19,AI,3,Regular
20,Polish,Nan,C1
20,English,Nan,C1
20,Machine Learning,4,Advanced
20,Deep Learning,4,Advanced
20,LLM,3,Regular
20,Python,3,Regular
21,Polish,Nan,C2
21,WordPress,4,Advanced
21,AI,2,Junior
22,English,Nan,B2
22,Polish,Nan,B2
22,C#,4,Advanced
22,MS Azure,4,Advanced
22,Gen AI,4,Advanced
22,Cosmos DB,4,Advanced
22,OpenAI,4,Advanced
22,RAG systems,4,Advanced
22,Mistral,4,Advanced
22,Python,4,Advanced
23,Jira,4,Advanced
23,Agile,4,Advanced
23,data governance,4,Advanced
23,Python,1,Nice To Have
23,Java,1,Nice To Have
23,C#,1,Nice To Have
24,AI,4,Advanced
24,Machine Learning,4,Advanced
24,Vertex AI,3,Regular
24,Gemini,3,Regular
25,Next.js,3,Regular
25,React,3,Regular
25,Node.js,3,Regular
25,Redis,2,Junior
25,PostgreSQL,2,Junior
25,qdrant,2,Junior
26,Python,4,Advanced
26,rag,3,Regular
26,Prompt Engineering,3,Regular
26,Langchain,3,Regular
26,Langgraph,3,Regular
26,Pandas,3,Regular
26,Azure,3,Regular
27,Machine Learning,4,Advanced
27,LLM,4,Advanced
27,Cloud,4,Advanced
27,AI,4,Advanced
27,Python,4,Advanced
27,Data Science,4,Advanced
27,Computer Vision,3,Regular
28,English,4,Advanced
28,Python,4,Advanced
28,AI,3,Regular
28,Machine Learning,3,Regular
28,Large Language Model,3,Regular
28,Docker,3,Regular
28,CI/CD,3,Regular
28,Natural Language Processing,1,Nice To Have
29,English,Nan,C1
29,Polish,Nan,B2
29,Python,4,Advanced
29,NLP,4,Advanced
29,LLM,4,Advanced
29,PyTorch,4,Advanced
29,TensorFlow,4,Advanced
29,Langchain,4,Advanced
29,NumPy,4,Advanced
30,AI,4,Advanced
30,.NET C#,4,Advanced
30,Python,4,Advanced
30,CI/CD,4,Advanced
30,Cloud,3,Regular
30,DevOps,1,Nice To Have
31,English,Nan,C1
31,AWS,4,Advanced
31,YOLO,4,Advanced
31,Symfony,4,Advanced
31,Ollama,4,Advanced
31,PHP,4,Advanced
31,Docker,4,Advanced
31,rag,4,Advanced
31,SQL,4,Advanced
31,Elasticsearch,4,Advanced
31,PHPUnit,4,Advanced
32,n8n,4,Advanced
32,LLM,4,Advanced
32,Make,4,Advanced
32,AI/ML,4,Advanced
32,rag,4,Advanced
32,Vector Database,4,Advanced
32,PHP,3,Regular
32,Facebook API,3,Regular
32,Python,3,Regular
33,Polish,Nan,C1
33,English,Nan,B2
33,AI,3,Regular
33,Low-code,3,Regular
33,no-code,3,Regular
33,Cursor,2,Junior
34,Polish,Nan,C2
34,English,Nan,B2
34,AI,3,Regular
34,Jira,2,Junior
34,Confluence,2,Junior
34,Linear,2,Junior
35,Machine Learning,4,Advanced
35,LLM,4,Advanced
35,Cloud,4,Advanced
35,AI,4,Advanced
35,Python,4,Advanced
35,Data Science,4,Advanced
35,Computer Vision,3,Regular
36,GenAI,3,Regular
36,Cloud,3,Regular
36,Java,3,Regular
36,Python,3,Regular
36,MLOps,3,Regular
37,English,Nan,B2
37,Machine Learning,5,Master
37,Statistics,4,Advanced
37,PyTorch,4,Advanced
37,NumPy,4,Advanced
37,Data Science,4,Advanced
37,Python,3,Regular
38,English,Nan,B2
38,TensorFlow,3,Regular
38,PyTorch,3,Regular
38,Pandas,3,Regular
38,NumPy,3,Regular
38,Google Cloud Platform,3,Regular
38,BigQuery,3,Regular
38,Spark,3,Regular
39,Polish,Nan,C2
39,English,Nan,B2
39,AI,4,Advanced
39,Google Cloud,3,Regular
39,SQL,3,Regular
39,Python,3,Regular
40,LLM,4,Advanced
40,AI,4,Advanced
40,Python,4,Advanced
40,PyTorch,3,Regular
41,Python,4,Advanced
41,UML,3,Regular
41,TDD,3,Regular
41,SQL,3,Regular
41,Agents,1,Nice To Have
41,SwiftUI,1,Nice To Have
41,JetPack,1,Nice To Have
41,Swift,1,Nice To Have
42,English,Nan,B2
42,AI,4,Advanced
42,LLM,4,Advanced
42,GenAI,4,Advanced
42,Prompt Engineering,4,Advanced
42,rag,4,Advanced
42,Machine Learning,4,Advanced
43,Polish,Nan,C1
43,English,Nan,B2
43,Machine Learning,4,Advanced
43,AI,4,Advanced
44,English,Nan,C1
44,OWL,3,Regular
44,RDF,3,Regular
44,SPARQL,3,Regular
44,SWL,3,Regular
44,Datalog,3,Regular
44,Databases,3,Regular
44,Data modeling,3,Regular
44,Python,3,Regular
44,SNOMED CT,1,Nice To Have
45,English,Nan,B2
45,Polish,Nan,C1
45,Python,4,Advanced
45,AI,3,Regular
46,English,Nan,B1
46,Git,4,Advanced
46,Microservices,4,Advanced
46,Confluence,4,Advanced
46,Jira,4,Advanced
46,SQL,4,Advanced
46,Python,4,Advanced
47,English,Nan,B2
47,Machine Learning,4,Advanced
47,Python,4,Advanced
47,Analytical Thinking,4,Advanced
47,Git,3,Regular
47,PyTorch,3,Regular
47,NumPy,3,Regular
47,MLflow,3,Regular
48,Polish,Nan,C1
48,English,Nan,B2
48,AI,4,Advanced
48,Google Analytics,4,Advanced
48,Looker Studio,4,Advanced
48,MS Excel,4,Advanced
48,SQL,3,Regular
48,Python,3,Regular
48,R,3,Regular
49,C++,4,Advanced
49,C,4,Advanced
50,English,Nan,B2
50,Compliance,4,Advanced
50,AI,4,Advanced
50,privacy,4,Advanced
51,Polish,Nan,C1
51,English,Nan,C1
51,Scrum Master,4,Advanced
52,AI,1,Nice To Have
53,Machine Learning,3,Regular
53,AWS,3,Regular
53,DevOps,3,Regular
53,LLM,3,Regular
53,CI/CD,3,Regular
53,AI,3,Regular
53,Azure,3,Regular
53,GCP,3,Regular
53,OpenAI,3,Regular
53,Azure Services,3,Regular
54,AI,4,Advanced
54,.NET C#,4,Advanced
54,Python,4,Advanced
54,CI/CD,4,Advanced
54,Cloud,3,Regular
54,DevOps,1,Nice To Have
55,Polish,Nan,B2
55,English,Nan,B2
55,Python,4,Advanced
55,Communication,4,Advanced
55,AI,4,Advanced
55,NLP,4,Advanced
55,AWS,3,Regular
55,GCP,3,Regular
55,Azure,3,Regular
55,Spark,1,Nice To Have
55,Databricks,1,Nice To Have
55,DevOps,1,Nice To Have
56,Security,3,Regular
56,penetration testing,3,Regular
56,threat modeling,3,Regular
56,SaaS,1,Nice To Have
56,ChatGPT,1,Nice To Have
57,English,Nan,B2
57,Python,4,Advanced
57,Data Science,4,Advanced
57,Machine Learning,3,Regular
57,AI,3,Regular
58,AI,3,Regular
58,Compiler,3,Regular
59,AI/ML,3,Regular
60,Polish,Nan,C1
60,AI,2,Junior
60,Microsoft Azure,2,Junior
61,C++,5,Master
61,Java,5,Master
61,JavaScript,5,Master
61,C,5,Master
61,Python,5,Master
61,BigQuery,3,Regular
61,Google Ads,2,Junior
62,Polish,Nan,C2
62,English,Nan,B2
62,Project Management,5,Master
62,Google Workspace,5,Master
62,Team Management,4,Advanced
62,Automation Tools,3,Regular
62,AI/ML,3,Regular
62,GenAI,3,Regular
62,Education Management,3,Regular
62,Event Coordination,3,Regular
63,AI,3,Regular
63,Docker,3,Regular
63,OpenAI API,3,Regular
63,MySQL,3,Regular
63,Elasticsearch,3,Regular
63,RESTful API,3,Regular
63,Python,3,Regular
64,Machine Learning,4,Advanced
64,Python,4,Advanced
64,E2E,4,Advanced
64,MLflow,4,Advanced
65,English,Nan,B1
65,Polish,Nan,B1
65,TypeScript,5,Master
65,Node.js,5,Master
65,Blockchain,3,Regular
65,Langchain,1,Nice To Have
65,nestJS,1,Nice To Have
65,TheGraph,1,Nice To Have
65,LLMs & PromptEngineering,1,Nice To Have
65,Amazon AWS,1,Nice To Have
65,Architecture,1,Nice To Have
66,LLM,3,Regular
66,Azure,3,Regular
66,REST API,3,Regular
66,Promt Engineering,3,Regular
66,Python,3,Regular
67,English,Nan,B2
67,Polish,Nan,C2
67,AI,3,Regular
67,GenAI,3,Regular
67,Python,3,Regular
68,AI,4,Advanced
68,ML,4,Advanced
69,Polish,Nan,C1
69,English,Nan,B2
69,marketing automation,4,Advanced
69,Jasper,4,Advanced
69,AI,4,Advanced
69,ChatGPT,4,Advanced
69,Business Intelligence,4,Advanced
70,CI/CD,4,Advanced
70,Angular,4,Advanced
70,Aurelia,4,Advanced
70,React,4,Advanced
70,JavaScript,4,Advanced
70,TypeScript,4,Advanced
70,AI,1,Nice To Have
71,English,Nan,C1
71,Python,3,Regular
71,AI,2,Junior
71,API,2,Junior
71,Langchain,2,Junior
71,MongoDB,1,Nice To Have
71,RabbitMQ,1,Nice To Have
72,AI,4,Advanced
72,Artificial Intelligence,4,Advanced
72,Data Science,4,Advanced
72,SQL,4,Advanced
72,DAX,4,Advanced
72,Power BI,4,Advanced
72,Machine Learning,4,Advanced
72,Relational Databases,4,Advanced
73,GenAI,3,Regular
73,Cloud,3,Regular
73,Java,3,Regular
73,Python,3,Regular
73,MLOps,3,Regular
74,Polish,Nan,C2
74,English,Nan,B2
74,Azure DevOps,4,Advanced
74,Azure AI,4,Advanced
74,Azure ML,4,Advanced
74,MS Fabric,4,Advanced
74,Python,4,Advanced
74,SQL,4,Advanced
74,Power BI,4,Advanced
75,ML,4,Advanced
75,AI,4,Advanced
75,Python,4,Advanced
75,LLMs,4,Advanced
76,Polish,Nan,C2
76,English,Nan,B2
76,Python,4,Advanced
76,TensorFlow,4,Advanced
76,Cloud,4,Advanced
76,AI,3,Regular
76,Microsoft Azure Cloud,1,Nice To Have
76,GCP,1,Nice To Have
76,Machine Learning,1,Nice To Have
77,English,Nan,C1
77,Python,4,Advanced
77,Software Development,4,Advanced
77,Big Data,4,Advanced
77,PySpark,3,Regular
77,Amazon AWS,3,Regular
77,Azure,3,Regular
78,English,Nan,B2
78,Data Science,4,Advanced
78,LLM,4,Advanced
78,AI,4,Advanced
78,TensorFlow,4,Advanced
78,Python,3,Regular
78,.NET C#,3,Regular
78,SQL,3,Regular
79,OpenAI API,3,Regular
79,ChatGPT,3,Regular
79,Python,3,Regular
80,Python,5,Master
80,AI,3,Regular
80,Machine Learning,3,Regular
81,English,Nan,C1
81,Python,4,Advanced
82,Polish,Nan,C2
82,English,Nan,C1
82,Apache Hadoop,4,Advanced
82,Python,4,Advanced
82,Big Data,4,Advanced
82,Apache Spark,4,Advanced
82,Git,3,Regular
82,SQL,3,Regular
82,Hive,1,Nice To Have
82,Bitbucket,1,Nice To Have
83,Polish,Nan,B2
83,English,Nan,B2
83,Python,4,Advanced
83,LLM,3,Regular
83,Machine Learning,3,Regular
83,AI Agents,2,Junior
83,PyTorch,2,Junior
83,scikit-learn,2,Junior
83,AWS,2,Junior
83,Terraform,1,Nice To Have
84,Polish,Nan,C2
84,English,Nan,B2
84,AWS,4,Advanced
84,NLP,3,Regular
84,Terraform,3,Regular
84,Speech Science,3,Regular
84,AI,3,Regular
84,Machine Learning,3,Regular
84,Python,1,Nice To Have
84,AWS Connect,1,Nice To Have
85,English,Nan,C1
85,Machine Learning,4,Advanced
85,AWS,4,Advanced
85,CI/CD,4,Advanced
85,GC,4,Advanced
85,Azure,4,Advanced
85,Python,4,Advanced
85,PySpark,3,Regular
85,NumPy,3,Regular
85,Pandas,3,Regular
86,Python,3,Regular
86,GenAI,2,Junior
86,Spark/PySpark,2,Junior
86,LLM/ML/AI,2,Junior
86,Azure,2,Junior
86,Databricks,2,Junior
87,English,Nan,C1
87,TypeScript,5,Master
87,React,5,Master
87,CI/CD,4,Advanced
87,Playwright,3,Regular
87,WebSocket/SSE,3,Regular
87,Docker/K8s,3,Regular
87,GraphQL/gRPC,3,Regular
88,English,Nan,B2
88,Python,5,Master
88,AI/ML,4,Advanced
88,Open AI,4,Advanced
88,English,4,Advanced
88,Langchain,3,Regular
88,Langflow,1,Nice To Have
89,English,Nan,B2
89,Generative AI,3,Regular
89,LLM's,3,Regular
89,NLP,3,Regular
89,Python,3,Regular
90,Polish,Nan,C1
90,English,Nan,B2
90,Python,4,Advanced
90,Django,3,Regular
90,Docker,3,Regular
91,Polish,Nan,C1
91,English,Nan,C1
91,Computer Vision,4,Advanced
91,AI,4,Advanced
91,English,4,Advanced
91,Python,4,Advanced
91,Data Science,4,Advanced
92,Polish,Nan,B2
92,English,Nan,B2
92,AI,4,Advanced
92,Python,4,Advanced
93,English,Nan,C1
93,AI,4,Advanced
93,Python,4,Advanced
93,AWS,3,Regular
93,GCP,3,Regular
93,Azure,3,Regular
93,LLMs,3,Regular
93,OpenAI,3,Regular
94,Polish,Nan,C1
94,English,Nan,C1
94,Python,4,Advanced
94,AI,4,Advanced
94,Computer Vision,4,Advanced
94,English,4,Advanced
94,Data Science,3,Regular
95,Software Development,4,Advanced
95,AI,4,Advanced
96,Polish,Nan,C1
96,English,Nan,B2
96,AI,4,Advanced
96,SEO,4,Advanced
96,ChatGPT,4,Advanced
96,Ahrefs,4,Advanced
96,SEMrush,4,Advanced
96,Surfer SEO,4,Advanced
96,HTML,2,Junior
97,LLM,4,Advanced
97,rag,4,Advanced
97,Python,4,Advanced
98,GenAI,3,Regular
98,C++,3,Regular
98,Python,3,Regular
99,Git,3,Regular
99,Bash,3,Regular
99,PyTorch,3,Regular
99,AI,3,Regular
99,Docker,3,Regular
99,Python,3,Regular
100,LLM,3,Regular
100,AI,3,Regular
100,Docker,3,Regular
100,rag,3,Regular
100,Kubernetes,3,Regular
100,SQL,3,Regular
100,Python,3,Regular
100,NoSQL,3,Regular
100,Java,2,Junior
101,Polish,Nan,B2
101,English,Nan,B2
101,LLM,4,Advanced
101,AI,4,Advanced
101,Python,4,Advanced
102,NLP,3,Regular
102,AI,3,Regular
102,Langchain,3,Regular
102,pydanticAI,3,Regular
103,Python,5,Master
103,AWS,4,Advanced
103,Airflow,4,Advanced
103,PyTorch,4,Advanced
103,OpenAI API,4,Advanced
103,TensorFlow,4,Advanced
103,fastapi,4,Advanced
103,Rust,3,Regular
104,Polish,Nan,B2
104,English,Nan,B2
104,AI,4,Advanced
104,Python,4,Advanced
104,Azure DevOps,4,Advanced
104,Kubernetes,4,Advanced
104,MLflow,4,Advanced
104,Airflow,4,Advanced
105,English,Nan,C1
105,GenAI,4,Advanced
105,LLM,4,Advanced
105,Node.js,4,Advanced
105,Angular,4,Advanced
105,Chatbots,4,Advanced
105,rag,4,Advanced
105,Agile,4,Advanced
105,Java,4,Advanced
105,Python,4,Advanced
105,MLOps,4,Advanced
106,Polish,Nan,C2
106,English,Nan,C1
106,Python,5,Master
106,PostgreSQL,4,Advanced
106,Django,4,Advanced
106,pytest,3,Regular
106,Django Rest Framework,3,Regular
106,Amazon AWS,2,Junior
107,Polish,Nan,B2
107,English,Nan,C1
107,Python,4,Advanced
107,Langchain,4,Advanced
107,Agent,4,Advanced
107,rag,3,Regular
107,LLM,3,Regular
107,ML,1,Nice To Have
107,MCP,1,Nice To Have
108,Machine Learning,4,Advanced
108,Team Management,4,Advanced
108,Project Management,4,Advanced
108,Python,4,Advanced
108,Generative AI,4,Advanced
108,Data Science,4,Advanced
108,Big Data,4,Advanced
109,NLP,3,Regular
109,LLM,3,Regular
109,PyTorch,3,Regular
109,NumPy,3,Regular
109,Python 3.x,3,Regular
109,REST API,3,Regular
109,Hugging Face,3,Regular
109,Machine Learning,3,Regular
109,AI,3,Regular
110,Polish,Nan,B2
110,English,Nan,B2
110,LakeHouse,4,Advanced
110,Databricks,4,Advanced
110,SQL,4,Advanced
110,Python,4,Advanced
110,Azure/AWS,3,Regular
110,Apache Spark,3,Regular
111,Polish,Nan,C1
111,English,Nan,C1
111,AWS,4,Advanced
111,CI/CD,4,Advanced
111,AI,4,Advanced
111,Azure,4,Advanced
111,GCP,4,Advanced
112,English,Nan,B2
112,Python,4,Advanced
112,GenAI,3,Regular
112,Machine Learning,3,Regular
112,Spark,3,Regular
112,Azure,3,Regular
112,Databricks,3,Regular
113,English,Nan,B2
113,Python,3,Regular
113,MLOps,3,Regular
113,Machine Learning,3,Regular
114,Machine Learning,4,Advanced
114,LLM,4,Advanced
114,Cloud,4,Advanced
114,AI,4,Advanced
114,Python,4,Advanced
114,Data Science,4,Advanced
114,Computer Vision,3,Regular
115,English,Nan,B2
115,Machine Learning,4,Advanced
115,Scala,4,Advanced
115,Apache Spark,4,Advanced
115,Kubernetes,3,Regular
115,Deep Learning,3,Regular
116,AI,3,Regular
116,LLM,3,Regular
116,Copilot,3,Regular
116,.Net,1,Nice To Have
116,AWS,1,Nice To Have
117,English,Nan,B2
117,Python,1,Nice To Have
117,Statistics,1,Nice To Have
117,Predictive Modeling,1,Nice To Have
117,Geospatial Data,1,Nice To Have
117,Lead Scoring,1,Nice To Have
117,Customer Segmentation Strategy,1,Nice To Have
118,English,Nan,B2
118,Polish,Nan,C1
118,Machine Learning,3,Regular
118,LLM,3,Regular
118,rag,3,Regular
118,Langchain,3,Regular
118,SQL,3,Regular
118,Python,3,Regular
118,PySpark,3,Regular
118,MLflow,3,Regular
119,AWS,4,Advanced
119,DevOps,4,Advanced
119,C#,4,Advanced
119,AI/ML,4,Advanced
119,Azure,4,Advanced
119,GCP,4,Advanced
119,English,4,Advanced
119,.Net,4,Advanced
119,Python,4,Advanced
119,Kubernetes,3,Regular
120,Python,3,Regular
120,Pandas,3,Regular
120,NumPy,3,Regular
120,SQL,3,Regular
120,NLP,1,Nice To Have
120,Java,1,Nice To Have
120,C#,1,Nice To Have
121,English,Nan,C1
121,AWS,3,Regular
121,ML OPS,3,Regular
121,GitLab,3,Regular
121,Python,3,Regular
122,Python,5,Master
122,PyTorch,4,Advanced
122,TensorFlow,4,Advanced
122,AWS,3,Regular
122,Leadership,3,Regular
123,Data Scientist,4,Advanced
123,data analyst,4,Advanced
123,SQL,4,Advanced
123,Python,4,Advanced
123,Machine Learning,3,Regular
123,AI,3,Regular
123,GenAI,1,Nice To Have
123,TensorFlow,1,Nice To Have
123,GDPR,1,Nice To Have
124,English,Nan,B2
124,LLM,4,Advanced
124,Generative AI,4,Advanced
124,Cloud,1,Nice To Have
124,Scrum,1,Nice To Have
125,English,Nan,B2
125,Polish,Nan,B2
125,AI,5,Master
125,ML,5,Master
125,rag,5,Master
125,MML,5,Master
125,GenAI,4,Advanced
126,Polish,Nan,B2
126,English,Nan,B2
126,LLM,4,Advanced
126,AI/ML services,4,Advanced
126,AI application deployment,4,Advanced
126,Python,4,Advanced
126,API,4,Advanced
126,Azure/GCP,3,Regular
127,English,Nan,B2
127,React,4,Advanced
127,Next.js,4,Advanced
127,TypeScript,4,Advanced
127,AI/LLMs,4,Advanced
127,Node.js,4,Advanced
128,AI,4,Advanced
128,Analityczne Myślenie,4,Advanced
128,Python,4,Advanced
128,Git,4,Advanced
129,English,Nan,C1
129,Polish,Nan,C2
129,AI,5,Master
130,Polish,Nan,B2
130,English,Nan,C1
130,Product Management,4,Advanced
131,AI,4,Advanced
131,Python,4,Advanced
131,LLM,3,Regular
131,Machine Learning,3,Regular
132,MLOps,5,Master
132,Azure,4,Advanced
132,Databricks,4,Advanced
132,SQL,4,Advanced
132,Python,4,Advanced
133,English,Nan,C1
133,Python,5,Master
133,Flask,4,Advanced
133,Spark,4,Advanced
133,OpenAI,3,Regular
133,Pandas,3,Regular
133,NumPy,3,Regular
133,GenAI,3,Regular
134,Polish,Nan,C1
134,English,Nan,B2
134,Python,4,Advanced
134,NumPy,4,Advanced
134,PyTorch,4,Advanced
134,Deep Learning,4,Advanced
134,AI,4,Advanced
134,Machine Learning,4,Advanced
134,SQL,4,Advanced
135,GenAI,4,Advanced
135,AI,4,Advanced
135,Python,4,Advanced
135,AWS,3,Regular
135,PyTorch,3,Regular
136,English,Nan,C1
136,MLOps,4,Advanced
136,Python,4,Advanced
136,Azure,4,Advanced
136,Azure DevOps,4,Advanced
136,Data Engineering,3,Regular
136,Machine Learning,3,Regular
136,fastapi,1,Nice To Have
136,MLflow,1,Nice To Have
136,Databricks,1,Nice To Have
136,PySpark,1,Nice To Have
137,Machine Learning,4,Advanced
137,CI/CD,4,Advanced
137,Rust,4,Advanced
137,Vector Search,4,Advanced
137,Azure,4,Advanced
137,SQL,4,Advanced
137,Python,4,Advanced
137,C#,3,Regular
138,Python,2,Junior
139,English,Nan,B2
139,Azure,5,Master
139,Azure Services,5,Master
139,Python,4,Advanced
139,Node.js,4,Advanced
140,GitLab,1,Nice To Have
140,DevOps,1,Nice To Have
140,AWS,1,Nice To Have
140,Terraform,1,Nice To Have
140,Python,1,Nice To Have
140,AI,1,Nice To Have
141,AI,4,Advanced
142,English,Nan,C1
142,Machine Learning,5,Master
142,NLP,5,Master
142,AI,5,Master
142,Python,5,Master
142,AWS,4,Advanced
143,AI,5,Master
143,Python,5,Master
143,Redis,4,Advanced
143,asyncio,4,Advanced
143,RabbitMQ,4,Advanced
143,Docker,4,Advanced
143,Kafka,4,Advanced
143,SQL,4,Advanced
143,NoSQL,4,Advanced
143,Cassandra,4,Advanced
144,R,4,Advanced
144,C++,4,Advanced
144,PyTorch,4,Advanced
144,Databricks,4,Advanced
144,Python,4,Advanced
144,Matlab,4,Advanced
144,Data Science,4,Advanced
144,Apache Spark,4,Advanced
144,NPU,3,Regular
144,GPU,3,Regular
145,Data Science,3,Regular
145,AI/ML,3,Regular
145,LLM,3,Regular
146,Memy,4,Advanced
146,LLM,1,Nice To Have
146,AI,1,Nice To Have
147,English,Nan,C1
147,Machine Learning,4,Advanced
147,AWS,4,Advanced
147,TypeScript,4,Advanced
147,AI,4,Advanced
147,Azure,4,Advanced
147,Kubernetes,4,Advanced
147,Snowflake,4,Advanced
147,JavaScript,4,Advanced
147,Python,4,Advanced
147,Salesforce,3,Regular
148,English,Nan,B2
148,Python,4,Advanced
148,CI/CD,3,Regular
148,PyTorch,3,Regular
148,AI,3,Regular
148,Spark,3,Regular
148,Databases,3,Regular
148,TensorFlow,3,Regular
148,Airflow,1,Nice To Have
149,LLM,5,Master
149,Python,4,Advanced
149,Machine Learning,4,Advanced
149,NoSQL,4,Advanced
149,MongoDB,4,Advanced
149,Kubernetes,3,Regular
150,Polish,Nan,B2
150,English,Nan,B2
150,AI,4,Advanced
151,English,Nan,B2
151,Bazy Danych,4,Advanced
151,TypeScript,4,Advanced
151,Node.js,4,Advanced
151,AI,4,Advanced
151,Java,4,Advanced
151,JavaScript,4,Advanced
151,Python,4,Advanced
151,rag,1,Nice To Have
152,Polish,Nan,C1
152,English,Nan,B2
152,Python,5,Master
152,Docker,4,Advanced
152,Django,3,Regular
153,Polish,Nan,B2
153,English,Nan,C1
153,GNNs,4,Advanced
153,Molecular Representation Learning,4,Advanced
153,Graph-Based Machine Learning,4,Advanced
153,deep learning frameworks,4,Advanced
153,Python,4,Advanced
153,AlphaFold,4,Advanced
153,OMICs Data Integration,1,Nice To Have
153,Knowledge Graphs in Pharma,1,Nice To Have
153,Generative AI,1,Nice To Have
154,English,Nan,C1
154,Azure,4,Advanced
154,AI,4,Advanced
155,Python,4,Advanced
155,Apache Spark,4,Advanced
155,SQL,4,Advanced
155,Data Science,4,Advanced
155,Ray,1,Nice To Have
155,Deep Learning,1,Nice To Have
156,English,Nan,B2
156,AI,4,Advanced
156,Python,4,Advanced
156,PyTorch,4,Advanced
156,TensorFlow,4,Advanced
156,React,1,Nice To Have
156,Vue,1,Nice To Have
157,Machine Learning,4,Advanced
157,AI,4,Advanced
157,scikit-learn,4,Advanced
157,TensorFlow,4,Advanced
157,Keras,4,Advanced
157,PyTorch,4,Advanced
158,Polish,Nan,C1
158,English,Nan,B2
158,Machine Learning,3,Regular
158,AI,3,Regular
159,PyTorch,4,Advanced
159,AI,4,Advanced
159,TensorFlow,4,Advanced
159,OpenCV,4,Advanced
160,Polish,Nan,C1
160,English,Nan,C1
160,Machine Learning,4,Advanced
160,CI/CD,4,Advanced
160,AI,4,Advanced
160,Kanban,4,Advanced
160,Agile,4,Advanced
160,DevOps,3,Regular
161,Business Analysis,5,Master
161,GenAI,4,Advanced
161,Machine Learning,4,Advanced
161,NLP,4,Advanced
161,LLM,4,Advanced
161,PyTorch,4,Advanced
161,AI,4,Advanced
161,AI/ML,4,Advanced
161,TensorFlow,4,Advanced
161,Python,4,Advanced
162,English,Nan,C1
162,Python,4,Advanced
162,PyTorch,4,Advanced
162,TensorFlow,4,Advanced
162,Hugging Face transformers,4,Advanced
162,Scikit,4,Advanced
162,Keras,4,Advanced
162,Machine Learning,4,Advanced
162,LLM,4,Advanced
162,Distributed systems,3,Regular
163,Polish,Nan,C2
163,English,Nan,B2
163,Trainings,5,Master
163,ChatGPT,5,Master
163,GenAI,4,Advanced
163,LLMs,4,Advanced
163,AI/ML,4,Advanced
163,Google Workspace,4,Advanced
163,Prompt Engineering,4,Advanced
163,Make.com/N8N,1,Nice To Have
163,Cursor/Windsurf,1,Nice To Have
164,Machine Learning,4,Advanced
164,API,4,Advanced
164,fastapi,4,Advanced
164,Python,4,Advanced
164,AWS,3,Regular
164,Cloud,3,Regular
164,Django,3,Regular
164,Docker,3,Regular
164,TensorFlow,3,Regular
164,Flask,3,Regular
165,Python,5,Master
165,Flask,5,Master
165,fastapi,5,Master
165,Django,5,Master
165,Azure,5,Master
165,SQL,5,Master
166,Polish,Nan,C1
166,English,Nan,C1
166,LLM,4,Advanced
166,CRM,4,Advanced
166,AI,4,Advanced
166,SaaS,3,Regular
167,AI,4,Advanced
167,Data,4,Advanced
167,Presales,4,Advanced
168,AI,5,Master
168,Machine Learning,4,Advanced
168,NLP,4,Advanced
168,LLM,3,Regular
168,Azure,3,Regular
168,OpenAI,3,Regular
169,Data Science,4,Advanced
169,Python,4,Advanced
169,Machine Learning,4,Advanced
169,Predictive Analysis,4,Advanced
170,LLM,3,Regular
170,Python,3,Regular
170,Langchain,3,Regular
170,Pandas,3,Regular
170,OpenAI GPT,3,Regular
170,Google Gemini,3,Regular
170,Cloud,3,Regular
170,Vertex AI,1,Nice To Have
170,Azure AI Studio,1,Nice To Have
170,Azure AI Search,1,Nice To Have
171,Python,4,Advanced
171,SQL,4,Advanced
171,NoSQL,4,Advanced
171,Azure,4,Advanced
171,Apache Spark,4,Advanced
171,Docker,4,Advanced
171,Kubernetes,4,Advanced
171,GenAI,4,Advanced
171,MySQL,4,Advanced
172,English,Nan,C1
172,AWS,4,Advanced
172,CI/CD,4,Advanced
172,ETL,4,Advanced
172,Azure,4,Advanced
172,GCP,4,Advanced
172,SQL,4,Advanced
172,Python,4,Advanced
172,Scala,4,Advanced
172,Spark,3,Regular
172,Databricks,3,Regular
173,Polish,Nan,B1
173,English,Nan,B2
173,AI/ML,4,Advanced
173,OpenCV,4,Advanced
173,PyTorch,3,Regular
173,scikit-learn,3,Regular
173,SciPy,3,Regular
173,TensorFlow,3,Regular
173,Keras,3,Regular
173,Pandas,3,Regular
173,MLflow,1,Nice To Have
174,Polish,Nan,C2
174,make.com,4,Advanced
174,n8n,4,Advanced
174,AI Agents,3,Regular
174,Bubble,1,Nice To Have
174,Zapier,1,Nice To Have
174,Python,1,Nice To Have
174,JavaScript,1,Nice To Have
174,Airtable,1,Nice To Have
175,English,Nan,B2
175,OpenAI,3,Regular
175,Node.js,3,Regular
175,Next.js,3,Regular
176,Polish,Nan,B2
176,English,Nan,C1
176,AlphaFold,4,Advanced
176,molecular dynamics simulations,4,Advanced
176,computational analysis,4,Advanced
176,high-throughput screening,4,Advanced
176,Python,2,Junior
176,R,2,Junior
176,SLURM,1,Nice To Have
176,HPC,1,Nice To Have
176,AWS,1,Nice To Have
177,Polish,Nan,C1
177,English,Nan,C1
177,Jira,4,Advanced
177,Confluence,4,Advanced
177,Scrum,4,Advanced
177,Less,4,Advanced
177,Data Mesh,4,Advanced
178,English,Nan,B2
178,Linux,5,Master
178,Python,4,Advanced
178,Docker,4,Advanced
178,CI/CD,4,Advanced
178,PostgreSQL,4,Advanced
179,Polish,Nan,C2
179,English,Nan,B2
179,Django,4,Advanced
179,Python,4,Advanced
179,React,4,Advanced
179,Git,3,Regular
179,Docker,3,Regular
180,Python,3,Regular
180,Scala/Java,3,Regular
180,DevOps,3,Regular
180,Kafka,3,Regular
180,LLM,3,Regular
181,AI,1,Nice To Have
182,C/C++,2,Junior
182,Graphics APIs: OpenGL / OpenGL ES / EGL / Vulkan,2,Junior
182,Python,2,Junior
182,Platforms: Android /Linux /Windows / Embedded MCU,2,Junior
183,Web3 protocols,4,Advanced
183,SQL,4,Advanced
183,NoSQL,4,Advanced
183,Apache Kafka,3,Regular
183,AI,3,Regular
184,Polish,Nan,C2
184,English,Nan,C1
184,LLM,5,Master
184,AI,5,Master
184,GenAI,4,Advanced
184,CI/CD,4,Advanced
184,rag,4,Advanced
184,API,3,Regular
185,Polish,Nan,C2
185,English,Nan,C2
185,AI,4,Advanced
185,Claude,1,Nice To Have
186,English,Nan,B2
186,AI Coding Assistant tools,3,Regular
186,Kubernetes,3,Regular
186,Git,2,Junior
187,English,Nan,C1
187,Java,4,Advanced
187,Deep Learning,4,Advanced
187,Python,4,Advanced
187,Prompt Engineering,4,Advanced
187,Machine Learning,4,Advanced
187,Cloud,3,Regular
187,TensorFlow,3,Regular
187,PyTorch,3,Regular
188,AI,4,Advanced
188,Cybersecurity,4,Advanced
188,Project Management,3,Regular
188,banking,1,Nice To Have
188,Financial,1,Nice To Have
189,AI,4,Advanced
190,Machine Learning,4,Advanced
190,NLP,4,Advanced
190,Research,4,Advanced
190,Conversational AI,3,Regular
191,Machine Learning,4,Advanced
191,AI,4,Advanced
192,Machine Learning,4,Advanced
192,Python,4,Advanced
192,SQL,4,Advanced
192,Docker,4,Advanced
193,Langchain,3,Regular
193,Langgraph,3,Regular
193,LangFuse,3,Regular
193,REST API,3,Regular
193,Prompt Engineering,3,Regular
193,Docker,2,Junior
193,Kubernetes,2,Junior
194,Polish,Nan,C2
194,English,Nan,B2
194,Python,3,Regular
194,Node.js,3,Regular
194,JavaScript,3,Regular
194,TypeScript,3,Regular
194,AI,3,Regular
194,React,1,Nice To Have
194,React Native,1,Nice To Have
195,English,Nan,C1
195,AWS,3,Regular
195,NLP,3,Regular
195,LLM,3,Regular
195,AI,3,Regular
196,Polish,Nan,C1
196,English,Nan,B2
196,Jasper,4,Advanced
196,Midjourney,4,Advanced
196,AI,4,Advanced
196,Runway,4,Advanced
196,Canva AI,4,Advanced
196,ChatGPT,4,Advanced
196,Copy.ai,4,Advanced
196,Dall-e,4,Advanced
196,Sora,4,Advanced
197,English,Nan,C1
197,Python,3,Regular
197,Machine Learning,3,Regular
198,English,Nan,B2
198,NLP,4,Advanced
198,AI,4,Advanced
198,Machine Learning,4,Advanced
198,AWS,3,Regular
198,Python,3,Regular
199,Polish,Nan,C1
199,English,Nan,C1
199,Python,4,Advanced
199,TensorFlow,3,Regular
199,Airflow,3,Regular
199,Snowflake,3,Regular
199,AWS,3,Regular
199,SQL,3,Regular
199,Spark,2,Junior
199,GitHub Actions,2,Junior
199,PyTorch,1,Nice To Have
199,PySpark,1,Nice To Have
200,English,Nan,B2
200,NLP,4,Advanced
200,AI,4,Advanced
200,Python,4,Advanced
201,AI,4,Advanced
201,Python,4,Advanced
201,Git,3,Regular
201,PyTorch,3,Regular
201,TensorFlow,3,Regular
201,Linux,3,Regular
201,Keras,3,Regular
201,C++,2,Junior
201,Docker,2,Junior
201,Kubernetes,2,Junior
202,English,Nan,B2
202,AI,3,Regular
202,Machine Learning,3,Regular
202,AWS,3,Regular
202,Amazon Transcribe,3,Regular
202,Amazon Comprehend,3,Regular
202,Terraform,3,Regular
202,Python,3,Regular
202,Node.js,3,Regular
202,NLP,3,Regular
203,Machine Learning,5,Master
203,NLP,5,Master
203,PyTorch,3,Regular
203,TensorFlow,3,Regular
204,AI,4,Advanced
205,Polish,Nan,C2
205,English,Nan,B2
205,Software Development,1,Nice To Have
205,UX Design,1,Nice To Have
205,UI Design,1,Nice To Have
205,IT Service Management,1,Nice To Have
206,Machine Learning,3,Regular
206,Python,3,Regular
206,TensorFlow,3,Regular
206,PyTorch,3,Regular
206,scikit-learn,3,Regular
206,Apache Spark,3,Regular
206,Hadoop,3,Regular
206,Amazon SageMaker,3,Regular
206,Google Cloud AI Platform,3,Regular
207,English,Nan,B2
207,AI,4,Advanced
207,REST API,3,Regular
207,Amazon AWS,3,Regular
207,SQL,3,Regular
207,JavaScript,3,Regular
208,VBA,3,Regular
208,Data,3,Regular
208,Analytics,3,Regular
208,Excel APIs,3,Regular
208,Python,3,Regular
208,Microsoft Office Excel,3,Regular
208,Machine Learning,1,Nice To Have
209,AI,1,Nice To Have
210,English,Nan,B2
210,AI,3,Regular
211,Polish,Nan,C2
211,English,Nan,C1
211,Python,5,Master
211,Machine Learning,4,Advanced
211,CI/CD,4,Advanced
211,Pandas,4,Advanced
211,PyTorch,3,Regular
211,PySpark,3,Regular
211,TensorFlow,3,Regular
211,Snowflake,1,Nice To Have
211,Agile,1,Nice To Have
212,Polish,Nan,B2
212,English,Nan,C1
212,Python,4,Advanced
212,Langchain,3,Regular
212,Agent,3,Regular
212,rag,3,Regular
212,ML,1,Nice To Have
212,NLP,1,Nice To Have
212,LLM,1,Nice To Have
213,English,Nan,C1
213,SQL,4,Advanced
213,Spark,3,Regular
213,Scala,3,Regular
213,Jenkins,3,Regular
213,Cloud,3,Regular
213,Agile,3,Regular
214,Python,4,Advanced
214,Docker,3,Regular
214,Azure,3,Regular
214,GenerativeAI,3,Regular
215,English,Nan,C1
215,C#,5,Master
215,AI,5,Master
215,Agile,4,Advanced
215,Machine Learning,4,Advanced
215,Azure,4,Advanced
216,LLM,3,Regular
216,AI,3,Regular
216,RPA/IPaaS,1,Nice To Have
216,JavaScript/Python,1,Nice To Have
217,English,Nan,B2
217,GenAI,3,Regular
217,AzureML,3,Regular
217,AzureAI,3,Regular
217,Python,3,Regular
217,Databricks,3,Regular
218,English,Nan,C1
218,Machine Learning,4,Advanced
218,MLOps,4,Advanced
218,Microsoft Azure,4,Advanced
218,CI/CD,3,Regular
218,Git,3,Regular
219,Polish,Nan,A1
219,Zainteresowanie tematyką AI,1,Nice To Have
219,AI,1,Nice To Have
219,Automation Tools,1,Nice To Have
220,Python,5,Master
220,SQL,5,Master
220,Databricks,5,Master
220,Azure,5,Master
220,Langchain,5,Master
221,English,Nan,B2
221,AI Systems,4,Advanced
221,AI,4,Advanced
221,Workflow design,4,Advanced
221,Machine Learning,3,Regular
221,Software Architecture,3,Regular
222,Polish,Nan,C1
222,English,Nan,B2
222,LLM,4,Advanced
222,AI,4,Advanced
222,Python,4,Advanced
222,Azure,4,Advanced
222,Docker,4,Advanced
222,Kubernetes,4,Advanced
222,API,3,Regular
222,Microservices,3,Regular
222,Agile,3,Regular
222,Scrum,3,Regular
223,English,Nan,C1
223,Polish,Nan,C1
223,AWS,4,Advanced
223,CI/CD,4,Advanced
223,AI,4,Advanced
223,Azure,4,Advanced
223,GCP,4,Advanced
223,SQL,4,Advanced
223,Python,4,Advanced
224,Polish,Nan,B2
224,English,Nan,B2
224,Machine Learning,4,Advanced
224,Python,4,Advanced
224,Computer Vision,4,Advanced
224,TensorFlow,4,Advanced
224,OpenCV,4,Advanced
224,PyTorch,3,Regular
224,Docker,3,Regular
224,Amazon AWS,1,Nice To Have
224,Microsoft Azure,1,Nice To Have
224,Google Cloud,1,Nice To Have
225,SQL,4,Advanced
225,Python,4,Advanced
225,Git,3,Regular
225,scikit-learn,3,Regular
226,English,Nan,C1
226,Python,4,Advanced
226,Microsoft Azure,4,Advanced
226,AI,4,Advanced
226,SQL,4,Advanced
226,DevOps tools,3,Regular
227,AWS,4,Advanced
227,AI,4,Advanced
227,CI/CD,3,Regular
227,ETL,3,Regular
227,SQL,3,Regular
227,Python,3,Regular
228,AI,5,Master
228,Machine Learning,4,Advanced
228,AWS,4,Advanced
228,NLP,4,Advanced
228,PyTorch,4,Advanced
228,Docker,4,Advanced
228,TensorFlow,4,Advanced
228,GCP,4,Advanced
228,Python,4,Advanced
228,Hugging Face,4,Advanced
229,AI,3,Regular
229,Machine Learning,3,Regular
229,Microsoft AI Builder,3,Regular
229,Copilot,3,Regular
229,Microsoft Dynamics 365,3,Regular
229,.Net,3,Regular
229,JavaScript,3,Regular
229,SQL,3,Regular
229,Azure,3,Regular
229,PowerApps,3,Regular
230,English,Nan,C1
230,Polish,Nan,C2
230,AI,4,Advanced
230,ML,4,Advanced
230,Azure,4,Advanced
230,APIs,4,Advanced
230,MLOps,4,Advanced
230,rag,3,Regular
231,NLP,3,Regular
231,Machine Learning,3,Regular
231,Python,2,Junior
231,SQL,2,Junior
231,Azure,1,Nice To Have
232,English,Nan,B2
232,GenAI,4,Advanced
232,OpenAI,4,Advanced
232,Langchain,4,Advanced
232,API Testing,4,Advanced
232,Python,3,Regular
233,English,Nan,C1
233,Polish,Nan,C1
233,Azure Open AI,4,Advanced
233,Github Copilot,4,Advanced
233,.Net,4,Advanced
233,C#,4,Advanced
233,GenAI,4,Advanced
233,LLM,3,Regular
234,Machine Learning,4,Advanced
234,Power BI,4,Advanced
234,AI,4,Advanced
234,RPA,4,Advanced
234,Microsoft Power Automate,4,Advanced
235,English,Nan,B2
235,HTML5,3,Regular
235,JavaScript,3,Regular
236,GenAI,4,Advanced
236,Machine Learning,4,Advanced
236,LLM,4,Advanced
236,Data modeling,4,Advanced
236,Python,4,Advanced
236,Data Science,4,Advanced
236,AWS,3,Regular
236,PySpark,3,Regular
236,Spark,3,Regular
236,Azure,3,Regular
237,Big Data,4,Advanced
237,ETL,4,Advanced
237,Data modeling,4,Advanced
237,Machine Learning,3,Regular
237,AI,3,Regular
237,Python,3,Regular
237,C#,3,Regular
237,Cloud,2,Junior
238,English,Nan,C1
238,PySpark,4,Advanced
238,AI/ML,4,Advanced
238,Python,4,Advanced
238,GenAI,3,Regular
238,RAG Patterns,3,Regular
238,Azure,3,Regular
238,Databricks,3,Regular
238,AI,3,Regular
238,Machine Learning,3,Regular
239,English,Nan,C1
239,Machine Learning,5,Master
239,Python,4,Advanced
239,SQL,4,Advanced
239,AWS,3,Regular
239,Azure,3,Regular
239,Spark,3,Regular
240,English,Nan,C1
240,Python,5,Master
240,fastapi,5,Master
240,Flask,4,Advanced
240,CrewAI,3,Regular
240,AI/ML,3,Regular
241,English,Nan,C2
241,ChatGPT,5,Master
241,Llama,5,Master
241,DeepSeek,5,Master
242,Software Development,4,Advanced
242,Data Structures,4,Advanced
242,Generative AI,2,Junior
243,Polish,Nan,C2
243,English,Nan,B2
243,Copilot,3,Regular
243,Microsoft 365,3,Regular
243,Power Platform,3,Regular
243,Azure,3,Regular
243,integration,3,Regular
243,AI,1,Nice To Have
243,Python,1,Nice To Have
243,JavaScript,1,Nice To Have
244,Python,5,Master
244,Machine Learning,4,Advanced
244,SQL,3,Regular
244,Data Science,3,Regular
245,Polish,Nan,C2
245,Python 3,4,Advanced
245,AI,3,Regular
246,Polish,Nan,C1
246,English,Nan,C1
246,AI,4,Advanced
246,Scrum,4,Advanced
246,Azure,4,Advanced
246,GCP,4,Advanced
246,Agile,4,Advanced
246,UX/UI,4,Advanced
247,Polish,Nan,B2
247,English,Nan,C1
247,Scrum Master,4,Advanced
247,AI,2,Junior
248,Polish,Nan,B2
248,English,Nan,B2
248,AI,4,Advanced
249,Polish,Nan,C1
249,English,Nan,B2
249,Machine Learning,3,Regular
249,AI,3,Regular
250,PHP,5,Master
250,LLM,4,Advanced
250,AI/ML,4,Advanced
250,Databases,4,Advanced
250,rag,4,Advanced
250,n8n,4,Advanced
250,Make,4,Advanced
250,Facebook API,3,Regular
250,Vector Database,3,Regular
250,Python,3,Regular
251,Polish,Nan,C1
251,English,Nan,B2
251,Jasper,4,Advanced
251,Midjourney,4,Advanced
251,AI,4,Advanced
251,Runway,4,Advanced
251,Canva AI,4,Advanced
251,ChatGPT,4,Advanced
251,Copy.ai,4,Advanced
251,Dall-e,4,Advanced
251,Sora,4,Advanced
252,English,Nan,B2
252,Polish,Nan,C1
252,Machine Learning,3,Regular
252,LLM,3,Regular
252,rag,3,Regular
252,Langchain,3,Regular
252,SQL,3,Regular
252,Python,3,Regular
252,PySpark,3,Regular
253,PyTorch,4,Advanced
253,AI,4,Advanced
253,TensorFlow,4,Advanced
253,Python,4,Advanced
253,Machine,4,Advanced
253,Web3,3,Regular
253,MLOps,3,Regular
254,Airflow,4,Advanced
254,Python,4,Advanced
254,CI/CD,3,Regular
254,Spark,3,Regular
254,Azure,3,Regular
254,Azure ML,2,Junior
254,Docker,2,Junior
254,ML,2,Junior
254,Terraform,2,Junior
254,Kubernetes,2,Junior
255,Python,4,Advanced
255,JavaScript,4,Advanced
255,C,4,Advanced
255,C++,4,Advanced
255,Java,4,Advanced
256,English,Nan,C1
256,AI,3,Regular
256,rag,3,Regular
256,Open source,3,Regular
256,Python,3,Regular
256,PyTorch,3,Regular
256,TensorFlow,3,Regular
257,AI,4,Advanced
257,Python,4,Advanced
257,LLM,3,Regular
257,CI/CD,3,Regular
258,Python,3,Regular
258,fastapi,3,Regular
258,rag,3,Regular
258,Prompt Engineering,3,Regular
258,OpenAI,3,Regular
258,Hugging Face,3,Regular
258,Vector Database,3,Regular
259,Python,4,Advanced
259,CI/CD,3,Regular
259,Async Programming,3,Regular
259,fastapi,3,Regular
259,pytest,3,Regular
259,Django,1,Nice To Have
259,Docker,1,Nice To Have
259,Kubernetes,1,Nice To Have
259,Flask,1,Nice To Have
260,JavaScript,4,Advanced
260,Python,4,Advanced
260,PHP,4,Advanced
260,Go,4,Advanced
260,Ruby,4,Advanced
260,C#,4,Advanced
260,C,4,Advanced
260,Java,4,Advanced
260,Oracle,4,Advanced
260,SAP,4,Advanced
261,s3,3,Regular
261,AWS Bedrock,3,Regular
261,AWS Textract,3,Regular
261,RDS PostgreSQL,3,Regular
261,EC2,3,Regular
261,Amazon AWS,3,Regular
261,OpenSearch,3,Regular
261,Python,1,Nice To Have
262,Machine Learning,4,Advanced
262,LLM,4,Advanced
262,Cloud,4,Advanced
262,AI,4,Advanced
262,Team Management,4,Advanced
262,Python,4,Advanced
262,Data Science,4,Advanced
262,Computer Vision,3,Regular
263,English,Nan,B2
263,Polish,Nan,B2
263,OpenAI,4,Advanced
263,MVP,4,Advanced
263,AWS,4,Advanced
263,rag,4,Advanced
263,LLM,4,Advanced
263,Python,4,Advanced
263,workflow,4,Advanced
264,English,Nan,B2
264,AI,4,Advanced
264,Python,3,Regular
264,Machine Learning,3,Regular
264,Analityczne Myślenie,3,Regular
265,English,Nan,B2
265,Polish,Nan,B2
265,AI,5,Master
265,ML,5,Master
265,rag,4,Advanced
265,LLM,4,Advanced
265,Gen AI,4,Advanced
266,Polish,Nan,C1
266,English,Nan,B1
266,React,5,Master
266,JavaScript,5,Master
266,Node.js,4,Advanced
266,TypeScript,4,Advanced
266,AI/ML,4,Advanced
266,API LLM,4,Advanced
266,React Native,3,Regular
266,MapLibre,3,Regular
266,PWA,3,Regular
266,Microsoft Azure Cloud,3,Regular
267,Polish,Nan,C2
267,English,Nan,C1
267,Data Science,5,Master
267,SAS,4,Advanced
267,Apache Hadoop,4,Advanced
267,Apache Spark,4,Advanced
267,Python,4,Advanced
267,Team Management,4,Advanced
268,English,Nan,A1
268,CUDA,5,Master
268,C,5,Master
268,mining,3,Regular
268,inference llm optimising,3,Regular
269,Machine Learning,4,Advanced
269,LLM,4,Advanced
269,Cloud,4,Advanced
269,AI,4,Advanced
269,Python,4,Advanced
269,Data Science,4,Advanced
269,Computer Vision,3,Regular
270,English,Nan,B2
270,Danish,Nan,B1
270,Machine Learning,3,Regular
270,AI,3,Regular
271,English,4,Advanced
271,TypeScript,3,Regular
271,HTML5 / CSS3,3,Regular
271,Node.js,3,Regular
271,AI,3,Regular
271,Docker,3,Regular
271,JavaScript,3,Regular
272,Polish,Nan,C2
272,English,Nan,B2
272,Python,4,Advanced
272,JavaScript/TypeScript,4,Advanced
272,Git,4,Advanced
272,LLM,4,Advanced
272,rag,4,Advanced
272,Agentic Workflows,4,Advanced
272,Prompt Engineering,4,Advanced
272,AI/ML,4,Advanced
272,CI/CD,3,Regular
272,Docker,3,Regular
273,AI,3,Regular
273,Python,3,Regular
274,English,Nan,B2
274,AWS,4,Advanced
274,DBT,4,Advanced
274,ETL tools,4,Advanced
274,Data Warehousing,4,Advanced
274,AI,4,Advanced
274,Python,4,Advanced
275,Polish,Nan,C2
275,English,Nan,C1
275,Python,3,Regular
275,Machine Learning,3,Regular
275,LLM,3,Regular
275,PyTorch,3,Regular
275,NumPy,3,Regular
276,Polish,Nan,C1
276,English,Nan,C1
276,Machine Learning,4,Advanced
276,AWS,4,Advanced
276,Data Warehousing,4,Advanced
276,AI,4,Advanced
276,Azure,4,Advanced
276,Databricks,4,Advanced
276,SQL,4,Advanced
276,Python,4,Advanced
276,Scala,4,Advanced
276,Data Science,4,Advanced
277,Polish,Nan,C1
277,English,Nan,C1
277,Machine Learning,4,Advanced
277,Responsible AI,4,Advanced
277,Clean Code,4,Advanced
277,Python,4,Advanced
277,AI models,3,Regular
278,GCP,4,Advanced
278,Cloud Adoption Framework,3,Regular
278,Cloud Foundation Toolkit,3,Regular
279,English,Nan,B2
279,LLMs,4,Advanced
279,AI,4,Advanced
279,TensorFlow,4,Advanced
279,PyTorch,4,Advanced
279,Generative AI,4,Advanced
279,Python,1,Nice To Have
280,AI/ML,4,Advanced
280,LLM,4,Advanced
280,Cloud,4,Advanced
280,Python,3,Regular
280,CI/CD,3,Regular
281,Polish,Nan,C1
281,English,Nan,B2
281,Vapi.ai,3,Regular
281,Flutter,3,Regular
282,Spanish,Nan,B2
282,Python,5,Master
282,Docker,4,Advanced
282,Kubernetes,4,Advanced
282,Machine Learning,3,Regular
283,French,Nan,B2
283,Spanish,Nan,B2
283,German,Nan,B2
283,NLP,4,Advanced
283,AI,4,Advanced
283,Data Science,4,Advanced
283,Azure,3,Regular
284,Polish,Nan,C2
284,Flutter,3,Regular
284,Mobile,3,Regular
284,AI,2,Junior
285,Polish,Nan,C1
285,English,Nan,B1
285,Python,4,Advanced
285,C# / .NET (ML.NET),4,Advanced
285,XGBoost / LightGBM / CatBoost,4,Advanced
285,ETL / Feature Engineering,4,Advanced
285,Azure Machine learning,3,Regular
285,scikit-learn,3,Regular
285,TensorFlow / PyTorch,3,Regular
285,REST API (FastAPI / ASP.NET),3,Regular
285,MLflow / Jupyter,2,Junior
286,ML,4,Advanced
286,PyTorch,3,Regular
286,TensorFlow,3,Regular
286,Pandas,3,Regular
286,NLP,2,Junior
286,scikit-learn,1,Nice To Have
286,Microsoft Azure Cloud,1,Nice To Have
286,OpenCV,1,Nice To Have
286,HugginFace,1,Nice To Have
287,English,Nan,B2
287,Machine Learning,5,Master
287,NLP,5,Master
287,AI,5,Master
287,Python,5,Master
287,AWS,4,Advanced
288,Polish,Nan,C2
288,TypeScript,3,Regular
288,Next.js,3,Regular
288,React,3,Regular
288,AI,2,Junior
289,NLP,4,Advanced
289,LLMs,4,Advanced
289,Python,4,Advanced
289,AI,3,Regular
290,Polish,Nan,C2
290,English,Nan,B2
290,LLM,4,Advanced
290,AI,4,Advanced
290,Databases,4,Advanced
290,Deep Learning,4,Advanced
290,Cloud,3,Regular
290,Generative AI,3,Regular
291,French,Nan,B2
291,German,Nan,B2
291,Dutch,Nan,B2
291,Italian,Nan,B2
291,Spanish,Nan,B2
291,English,4,Advanced
291,Java,3,Regular
291,Python,3,Regular
292,English,Nan,C1
292,Polish,Nan,C2
292,AI,4,Advanced
292,MS Azure,3,Regular
292,LLM,3,Regular
292,rag,3,Regular
292,Python,3,Regular
292,Open AI,2,Junior
